subject_id,session_id,run_id,dvars_nstd,dvars_std,dvars_vstd,efc,fber,fd_mean,fd_num,fd_perc,fwhm_avg,fwhm_x,fwhm_y,fwhm_z,gcor,gsr_x,gsr_y,m_tsnr,outlier,qc_type,quality,size_t,size_x,size_y,size_z,snr,spacing_tr,spacing_x,spacing_y,spacing_z,summary_mean_bg,summary_mean_fg,summary_p05_bg,summary_p05_fg,summary_p95_bg,summary_p95_fg,summary_stdv_bg,summary_stdv_fg
sub-01,0,task-deterministicclassification_run-01,15.5606295094,1.11620705637,0.99747935324,0.539432622389,87.0650939941,0.0643439324436,0,0.0,6.37539,5.81902,6.04033,7.37241,0.019798122512,-0.0048586577177,0.0177541803569,45.3410797119,0.00108711111111,func,0.0104164363333,180,64,64,25,4.19206986991,2.0,3.125,3.125,5.0,29.7806587219,475.915618896,8.91666698456,290.668884277,121.888893127,641.409466553,43.846622467,113.791030884
sub-01,0,task-deterministicclassification_run-02,16.0938734024,1.10743078855,0.993161937765,0.540631262132,86.7016372681,0.0916344780626,0,0.0,6.425,5.87316,6.10626,7.39559,0.0173850536346,-0.0053759762086,0.0186620354652,45.7639198303,0.00118766666667,func,0.0103022941667,180,64,64,25,4.18934674676,2.0,3.125,3.125,5.0,29.863237381,473.99810791,8.92222213745,286.594451904,120.676947021,638.725561523,43.6598777771,113.389183044
sub-01,0,task-mixedeventrelatedprobe_run-01,15.7351266366,0.995961105847,0.976000836483,0.570337456734,64.5277252197,0.160038693232,5,2.10970464135,7.41127,6.60382,7.05848,8.73317,0.0344592549127,0.00235754298046,0.0269860513508,40.7957305908,0.0107528691983,func,0.0193044197046,237,64,64,25,5.44762426017,2.0,3.125,3.125,5.0,44.7102737427,619.459960938,9.0379743576,398.778039551,188.194921112,782.315142822,64.5930404663,116.591293335
sub-01,0,task-mixedeventrelatedprobe_run-02,17.2811088764,1.04664243525,0.972745792585,0.571222499254,62.3892784119,0.267121543619,6,2.53164556962,7.19638,6.45034,6.75946,8.54766,0.0862652903368,0.000755576707888,0.0266885813326,43.436340332,0.00601291139241,func,0.0146972061181,237,64,64,25,5.36984084529,2.0,3.125,3.125,5.0,45.7746391296,619.639831543,9.13502025604,396.557366943,190.27003479,785.867877197,65.9939117432,118.068824768
sub-01,0,task-probabilisticclassification_run-01,15.3894720879,1.07138268966,0.973893333184,0.538639503138,89.5517044067,0.0818016033743,0,0.0,6.58158,6.05987,6.18821,7.6026,0.0336250993941,-0.00320104928687,0.0184029601514,39.9160041809,0.00125488888889,func,0.0145274882778,180,64,64,25,4.25308723275,2.0,3.125,3.125,5.0,29.5342159271,480.859558105,8.9000005722,292.279437256,119.791671753,648.126141357,43.5219993591,113.651565552
sub-01,0,task-probabilisticclassification_run-02,16.4656906393,1.14700851291,1.01871934168,0.538683348553,87.4622650146,0.0777770881497,0,0.0,6.30789,5.80499,5.95017,7.26645,0.0312061044905,-0.00525740999728,0.0186220761389,46.9772186279,0.00210722222222,func,0.00876128822222,180,64,64,25,4.1580207473,2.0,3.125,3.125,5.0,29.6201438904,476.089263916,8.91666698456,288.061126709,120.222221375,644.416687012,43.8566055298,114.702697754
sub-02,0,task-deterministicclassification_run-01,13.2008279925,1.08126619402,1.00492675743,0.490600535263,87.5721893311,0.119256434228,0,0.0,6.72841,5.83496,6.64741,7.85321,0.025265566508,-0.0101176695898,0.032248031348,71.1956176758,0.000994944444444,func,0.00654000183333,180,64,64,25,5.65528288434,2.0,3.125,3.125,5.0,32.1970024109,612.443481445,7.42222261429,397.541677856,143.568887329,764.786120605,58.9664459229,111.412467957
sub-02,0,task-deterministicclassification_run-02,13.1436792991,1.06431407067,0.994778684134,0.491218735777,87.6886138916,0.120061133307,0,0.0,6.76045,5.85808,6.71913,7.84981,0.0191272589895,-0.00994568131864,0.032079976052,69.8043746948,0.00119983333333,func,0.00700714511111,180,64,64,25,5.70465064298,2.0,3.125,3.125,5.0,32.4558029175,614.442932129,7.43888902664,398.846118164,145.341119385,765.955010986,58.9725341797,111.020141602
sub-02,0,task-mixedeventrelatedprobe_run-01,12.8187862492,1.04512392911,0.976298492246,0.490991936604,88.3931808472,0.129245145245,0,0.0,6.79225,5.8724,6.76542,7.88733,0.0181312219,-0.010186069645,0.0321497321129,68.7718353271,0.000508523206751,func,0.00781724409283,237,64,64,25,5.70251423624,2.0,3.125,3.125,5.0,31.8423213959,612.374572754,7.4008436203,395.50166626,141.988183594,763.424230957,58.3642578125,110.913215637
sub-02,0,task-mixedeventrelatedprobe_run-02,13.3047102308,1.0498586,0.974827227669,0.491098739539,87.493019104,0.148779232915,0,0.0,6.92913,6.08588,6.81406,8.02246,0.0233487921928,-0.00991864595562,0.0351433195174,60.8060150146,0.00152299578059,func,0.0104597832489,237,64,64,25,5.78352441604,2.0,3.125,3.125,5.0,31.9017391205,615.197570801,7.38396596909,399.176777649,144.156526947,764.313470459,58.7038879395,109.950248718
sub-02,0,task-probabilisticclassification_run-01,12.7859279428,1.06673563324,0.999097657263,0.490407860124,88.7051696777,0.116147851201,0,0.0,6.7857,5.84181,6.75223,7.92118,0.0286934084362,-0.00915155746043,0.0326380655169,71.4011077881,0.000912833333333,func,0.00627751266667,180,64,64,25,5.66250500364,2.0,3.125,3.125,5.0,31.9755687714,611.86920166,7.41111135483,393.800561523,141.960002899,766.042254639,58.5234947205,111.744934082
sub-02,0,task-probabilisticclassification_run-02,13.3083000023,1.10483820961,1.03278815927,0.490394369227,88.2760696411,0.129597744134,0,0.0,6.78705,5.85583,6.71973,7.94518,0.0196584237946,-0.0099015654996,0.032542925328,67.2722244263,0.003447,func,0.0073789735,180,64,64,25,5.68463484105,2.0,3.125,3.125,5.0,32.0125465393,614.220153809,7.40000009537,398.28500061,141.828340149,767.183627319,58.7858467102,111.302940369
sub-03,0,task-deterministicclassification_run-01,16.022569321,1.18441474251,1.00481595464,0.52617546844,80.7529144287,0.0605158316145,0,0.0,6.38927,5.61496,6.25914,7.4215,0.011645216412,0.0037217263598,0.0200077239424,71.9862823486,0.000840777777778,func,0.00768883238889,180,64,64,25,5.82464824097,2.0,3.125,3.125,5.0,36.2059593201,638.659240723,8.26666641235,423.291113281,154.450008392,798.57890625,63.2945899963,112.447769165
sub-03,0,task-deterministicclassification_run-02,16.3553835587,1.11148387073,0.953894236648,0.527388392662,78.6898193359,0.138109493784,2,1.11111111111,6.77075,5.78432,6.73475,7.96777,0.017412519455,0.00311942701228,0.0215158052742,52.8340682983,0.00298844444444,func,0.0176758228889,180,64,64,25,5.96799559642,2.0,3.125,3.125,5.0,36.9907608032,640.418212891,8.28888893127,425.193334961,159.118057251,796.441125488,64.1026763916,110.210113525
sub-03,0,task-mixedeventrelatedprobe_run-01,17.4535275434,1.18348275203,1.00591203763,0.525755233613,81.186088562,0.148486140352,3,1.26582278481,6.63895,5.77664,6.57897,7.69953,0.021696943774,0.0039749215357,0.0222445745021,56.0495376587,0.00309742616034,func,0.0151847260338,237,64,64,25,5.94240600895,2.0,3.125,3.125,5.0,36.5399284363,644.713806152,8.27426147461,431.499775696,157.997879028,803.122131348,63.3290405273,111.356185913
sub-03,0,task-mixedeventrelatedprobe_run-02,18.9332359161,1.17227542008,1.00054649729,0.526813310113,79.2611236572,0.235991483817,5,2.10970464135,6.81145,5.91726,6.71367,7.95495,0.0499732987287,0.00420237565413,0.0214243158698,47.5567779541,0.00473953586498,func,0.0205667755696,237,64,64,25,5.9591649467,2.0,3.125,3.125,5.0,36.6495323181,645.406860352,8.21940898895,429.281835937,158.270454407,803.340026855,63.8130149841,110.977798462
sub-03,0,task-probabilisticclassification_run-01,17.147466553,1.21443123257,1.00042019173,0.525584051325,80.8001403809,0.0679805431218,0,0.0,6.41078,5.57735,6.28789,7.51276,0.0138222694397,0.00336222094484,0.0199384279549,69.3005752563,0.0006935,func,0.0080386425,180,64,64,25,5.82711821876,2.0,3.125,3.125,5.0,35.9204826355,638.839233398,8.26111125946,423.628887939,154.840275574,797.775549316,63.3093452454,112.169296265
sub-03,0,task-probabilisticclassification_run-02,16.6338616481,1.19935564531,1.00512142793,0.526092175378,80.3348388672,0.0740852825561,0,0.0,6.39237,5.58746,6.28777,7.43489,0.0232544660568,0.00369944679551,0.0196252055466,70.6370849609,0.000659555555556,func,0.00762628288889,180,64,64,25,5.83342271397,2.0,3.125,3.125,5.0,36.1127891541,637.334289551,8.26666641235,423.062232971,156.133053589,796.718341064,63.3984260559,112.153953552
sub-04,0,task-deterministicclassification_run-01,17.3292177137,1.19946408782,0.996835291508,0.506670623802,93.5353012085,0.110882321061,0,0.0,6.71797,5.72858,6.87903,7.6938,0.0133742292722,-0.00695105222985,0.0459586381912,61.1641311646,0.000972222222222,func,0.00883668016667,180,64,64,30,5.60508665428,2.0,3.125,3.125,5.0,33.2780227661,609.780639648,8.33888912201,407.405851746,137.75222168,772.079763794,55.4857597351,111.272659302
sub-04,0,task-deterministicclassification_run-02,17.8103488625,1.2199541252,1.00898525547,0.505808820408,92.6884384155,0.101832118511,0,0.0,6.65826,5.73915,6.76706,7.60036,0.0130093203651,-0.00656902138144,0.0481512546539,62.9082107544,0.00124294444444,func,0.00805820483333,180,64,64,30,5.52124533925,2.0,3.125,3.125,5.0,33.1869888306,610.406188965,8.29444503784,404.568902588,138.834728241,775.152246094,55.9376869202,112.689376831
sub-04,0,task-mixedeventrelatedprobe_run-01,17.9186450249,1.22233721364,0.990746795974,0.508262175755,90.1446456909,0.101423623063,0,0.0,6.62638,5.74818,6.61006,7.6576,0.0102163892368,-0.00704941432923,0.0501637198031,63.1863861084,0.000435732758621,func,0.00860579788793,232,64,64,30,5.54892144376,2.0,3.125,3.125,5.0,33.9714355469,610.335449219,8.30603408813,404.211003113,141.004734039,776.197869873,56.5845298767,112.126846313
sub-04,0,task-mixedeventrelatedprobe_run-02,17.5026545544,1.21016457745,0.995514165108,0.5088587403,90.4144821167,0.108442554947,0,0.0,6.70279,5.85527,6.66881,7.71209,0.0269350018995,-0.00717789214104,0.0499041602015,58.9534683228,0.0012275,func,0.00977111909483,232,64,64,30,5.58131659567,2.0,3.125,3.125,5.0,34.1672096252,612.634033203,8.29310321808,407.064228821,142.564221191,777.021762085,56.565410614,112.120834351
sub-04,0,task-probabilisticclassification_run-01,18.2422750889,1.25261385302,1.0192535738,0.506953216391,90.939201355,0.119710740263,0,0.0,6.61815,5.71039,6.69784,7.57893,0.00998711519771,-0.00675273267552,0.0487288460135,63.5835418701,0.0017735,func,0.00799558972222,180,64,64,30,5.53886120138,2.0,3.125,3.125,5.0,33.5356178284,609.455200195,8.27777767181,406.296963501,139.741390991,773.567266846,56.3555755615,112.023735046
sub-04,0,task-probabilisticclassification_run-02,18.2118008471,1.24690914687,1.01001262274,0.507131389384,90.9113311768,0.0988316763352,0,0.0,6.57216,5.68988,6.60435,7.55423,0.0191510597865,-0.00696124322712,0.0489406101406,65.0900497437,0.000780444444444,func,0.00757239927778,180,64,64,30,5.5379020001,2.0,3.125,3.125,5.0,33.6981811523,610.26776123,8.28333377838,406.116113281,140.052780151,775.090316772,56.456653595,112.506134033
sub-05,0,task-deterministicclassification_run-01,14.2333855069,1.11883615056,0.987923415475,0.481032255142,87.4622802734,0.0969743994134,0,0.0,6.27792,5.63941,6.20774,7.06773,0.00794293284416,0.0014165895991,0.0222782325,61.5713920593,0.000793833333333,func,0.00932097644444,180,64,64,30,5.63261622389,2.0,3.125,3.125,5.0,31.9594898224,590.768066406,7.86111116409,380.183334351,140.2,743.627807617,55.9261627197,107.928733826
sub-05,0,task-deterministicclassification_run-02,15.1627124113,1.17053309911,1.00061020698,0.480914523088,84.9159088135,0.0809102390034,0,0.0,6.16078,5.53801,6.01903,7.01496,0.013071943654,0.00087879068451,0.0214955192059,64.7954788208,0.000718333333333,func,0.0082099255,180,64,64,30,5.6288330664,2.0,3.125,3.125,5.0,32.5114746094,591.861694336,7.87777805328,382.331121826,142.490002441,744.956677246,57.1793899536,107.920829773
sub-05,0,task-mixedeventrelatedprobe_run-01,16.7047052384,1.22657368719,0.999287262857,0.483071973387,82.7384643555,0.091486065697,0,0.0,6.17499,5.55349,6.02072,7.04195,0.00848096711882,0.00275081349537,0.0230777263641,67.6947784424,0.000470301724138,func,0.00745829564655,232,64,64,30,5.5824339448,2.0,3.125,3.125,5.0,32.7261619568,590.409851074,7.85775852203,378.412055969,142.726299286,745.495666504,57.6029090881,108.871154785
sub-05,0,task-mixedeventrelatedprobe_run-02,16.5000971882,1.2140949584,0.986217144719,0.483867927655,81.9003982544,0.0951318221794,0,0.0,6.19527,5.61615,6.01396,7.04016,0.0113177422819,0.00147359224502,0.0244941469282,64.3877410889,0.000421681034483,func,0.00875114823276,232,64,64,30,5.67033635642,2.0,3.125,3.125,5.0,33.1162719727,589.717590332,7.87068939209,385.245892334,143.882759094,741.751934814,57.8580513,106.921951294
sub-05,0,task-probabilisticclassification_run-01,15.7616883923,1.17619127749,0.985640242626,0.482081770143,84.3147506714,0.0998886966145,0,0.0,6.22669,5.61367,6.07427,7.07995,0.00976276662615,0.000679152726661,0.021246060729,64.1265258789,0.000539222222222,func,0.00833959316667,180,64,64,30,5.65059580346,2.0,3.125,3.125,5.0,32.7793540955,593.835571289,7.86666679382,383.794464111,143.443331909,747.483337402,57.327583313,107.989952087
sub-05,0,task-probabilisticclassification_run-02,16.9058079114,1.22770689765,0.997063154916,0.482157900765,83.5343704224,0.101558830125,0,0.0,6.17648,5.52523,6.05098,7.04768,0.00999729235967,0.000845213828143,0.0218369085342,67.7808990479,0.000469277777778,func,0.00726705044444,180,64,64,30,5.58816497505,2.0,3.125,3.125,5.0,32.8320617676,592.541137695,7.85555553436,379.449734497,143.405563354,747.234170532,57.6491622925,108.708457947
sub-06,0,task-deterministicclassification_run-01,16.1641598547,1.15533798486,0.981882271006,0.526892248203,67.4730758667,0.084521417581,0,0.0,6.77312,5.92807,6.84136,7.66145,0.0238717397054,-0.00660225842148,0.0423027947545,62.3839950562,0.000486777777778,func,0.0103009830556,180,64,64,30,5.96581781171,2.0,3.125,3.125,5.0,39.8647766113,622.760498047,8.88333320618,411.92862854,180.904452515,771.916409302,65.7981033325,107.307640076
sub-06,0,task-deterministicclassification_run-02,15.8759307755,1.14731518575,0.982376807989,0.526610309351,67.2186737061,0.0796614587698,0,0.0,6.67505,5.80927,6.70895,7.6311,0.0173929068777,-0.00689640408382,0.0423183068633,62.8868560791,0.000594777777778,func,0.0103026125,180,64,64,30,5.93997640843,2.0,3.125,3.125,5.0,39.9045295715,624.668762207,8.87777805328,411.469444275,180.81111145,774.318099976,66.2707366943,108.113075256
sub-06,0,task-mixedeventrelatedprobe_run-01,15.4936945656,1.13175045887,0.983561988225,0.528215233193,66.5609436035,0.0878309445281,0,0.0,6.67855,5.78103,6.7616,7.62064,0.0123264645708,-0.00748275313526,0.0443130582571,63.447517395,0.000531724137931,func,0.0106440086638,232,64,64,30,5.94997432181,2.0,3.125,3.125,5.0,40.9052200317,626.625610352,9.00431060791,413.562283325,182.982757568,776.403662109,66.955696106,108.292655945
sub-06,0,task-mixedeventrelatedprobe_run-02,15.8991124702,1.14984094688,1.00398155636,0.529107524494,64.4973449707,0.100724901824,0,0.0,6.57155,5.70619,6.60732,7.52716,0.0311666768173,-0.00709802424535,0.0456100851297,63.9148254395,0.000699396551724,func,0.00921551443966,232,64,64,30,5.90463163979,2.0,3.125,3.125,5.0,41.132938385,624.967590332,8.95258617401,412.687942505,183.750214386,775.321124268,67.8040924072,108.68737793
sub-06,0,task-probabilisticclassification_run-01,15.7900582904,1.1430499424,0.995204289944,0.525888286771,66.8436660767,0.0715797262089,0,0.0,6.55582,5.66294,6.59388,7.54568,0.0167490508821,-0.00695511093363,0.0419782623649,65.4422912598,0.000495166666667,func,0.00893022733333,180,64,64,30,5.93729108174,2.0,3.125,3.125,5.0,40.2833023071,628.155700684,8.93333339691,418.18112793,182.841119385,780.779992676,67.1921615601,108.750640869
sub-06,0,task-probabilisticclassification_run-02,15.32887892,1.13109890441,0.991983354358,0.527140727617,66.3374938965,0.0840211239441,0,0.0,6.61009,5.73385,6.67398,7.54729,0.0120588752959,-0.00732538104057,0.0437889434397,64.1735229492,0.000485,func,0.00978679066667,180,64,64,30,5.91718538483,2.0,3.125,3.125,5.0,40.4268112183,626.537536621,8.93888950348,412.690292358,181.506109619,777.744445801,67.2169189453,108.858802795
sub-07,0,task-deterministicclassification_run-01,16.334565328,1.18328176615,1.00867821916,0.491797873893,89.3603591919,0.0728516225397,0,0.0,6.11812,5.39776,6.1224,6.92977,0.0254186762704,-0.0120412632823,0.0319056250155,69.1117782593,0.00136105555556,func,0.00690214438889,180,64,64,30,5.56976395446,2.0,3.125,3.125,5.0,34.1150970459,643.197387695,8.07222270966,421.42779541,157.302224731,816.908355713,60.9669876099,117.839683533
sub-07,0,task-deterministicclassification_run-02,16.4118567899,1.20152680693,1.02610759754,0.492802548493,88.1749343872,0.0753480932615,0,0.0,6.10871,5.39763,6.082,6.94384,0.0318644629584,-0.0119465338066,0.0315925069153,67.9658660889,0.002011,func,0.00710672294444,180,64,64,30,5.53917120563,2.0,3.125,3.125,5.0,34.2201843262,641.706176758,8.07777786255,420.867501831,157.193054199,815.822265625,61.2724494934,118.000366211
sub-07,0,task-mixedeventrelatedprobe_run-01,16.3587890683,1.19228314433,1.01416212208,0.493886919551,87.0200271606,0.0763945144589,0,0.0,6.08279,5.36877,6.06693,6.90978,0.0390446103852,-0.011806265451,0.0321420878172,71.9715805054,0.0012263362069,func,0.00637154918103,232,64,64,30,5.57548511659,2.0,3.125,3.125,5.0,34.6444396973,644.180480957,8.1172416687,423.987060547,158.906036377,819.762939453,61.8385696411,117.775062561
sub-07,0,task-mixedeventrelatedprobe_run-02,16.7513433142,1.22399534502,1.03877773952,0.494726911908,85.5403289795,0.0916677589913,0,0.0,6.11342,5.39641,6.10259,6.93798,0.0597116453894,-0.012209395878,0.0318971052766,67.8875656128,0.00280689655172,func,0.00760167349138,232,64,64,30,5.57574097051,2.0,3.125,3.125,5.0,35.0251083374,644.355957031,8.125,425.701721191,161.686425781,819.220678711,62.3457565308,117.530799866
sub-07,0,task-probabilisticclassification_run-01,16.5191966915,1.18881953447,1.01825870464,0.493174376155,87.1158905029,0.072166592781,0,0.0,6.03309,5.3152,6.00329,6.88195,0.0294019990497,-0.0121657093987,0.0314720906317,70.1745147705,0.00150416666667,func,0.0066646755,180,64,64,30,5.54251235474,2.0,3.125,3.125,5.0,34.389251709,641.882995605,8.07777786255,423.854443359,158.004443359,817.481140137,61.6877326965,118.042900085
sub-07,0,task-probabilisticclassification_run-02,16.4933705888,1.19719147106,1.03538732246,0.493818752632,86.3597183228,0.0959035148883,0,0.0,6.08271,5.36334,6.0609,6.9234,0.0537420272827,-0.0121526354924,0.0316218957305,65.2993774414,0.00282905555556,func,0.00789640005556,180,64,64,30,5.56103316591,2.0,3.125,3.125,5.0,34.602268219,642.10345459,8.08333396912,421.64417572,158.853338623,817.222784424,61.9432830811,117.717201233
sub-08,0,task-deterministicclassification_run-01,14.3095690817,1.10416412419,0.991356584637,0.502664286973,100.254318237,0.0916680471397,0,0.0,6.3775,5.49215,6.36958,7.41479,0.0218458824688,-0.0135897947475,0.0398448780179,65.5332183838,0.000575055555556,func,0.00985589155556,180,64,64,30,5.93278294384,2.0,3.125,3.125,5.0,29.7369270325,580.277832031,8.03333377838,377.313626099,129.755561829,715.933905029,51.44789505,100.769020081
sub-08,0,task-deterministicclassification_run-02,14.8563043071,1.13907554844,1.00489631302,0.503364736238,99.346496582,0.0756520989874,0,0.0,6.35813,5.48784,6.37527,7.34663,0.0204287807147,-0.0139076551422,0.0406250096858,65.9250106812,0.00105338888889,func,0.00964370577778,180,64,64,30,5.94883123047,2.0,3.125,3.125,5.0,29.8457546234,578.669616699,8.02222251892,378.609448242,130.166671753,714.772216797,51.5033721924,100.366416931
sub-08,0,task-mixedeventrelatedprobe_run-01,14.3608219262,1.1122722429,0.995252322165,0.503710979019,99.0352478027,0.0744152562684,0,0.0,6.34926,5.50143,6.35987,7.31552,0.0226267925624,-0.0136557025835,0.0410501807928,66.7619247437,0.000610086206897,func,0.00938160974138,232,64,64,30,5.95587365314,2.0,3.125,3.125,5.0,29.935749054,579.649536133,8.03448295593,380.395678711,130.536632538,715.794812012,51.585018158,100.406913757
sub-08,0,task-mixedeventrelatedprobe_run-02,14.6508790834,1.10233647788,0.974778027922,0.505632192611,97.5712356567,0.0859266488571,0,0.0,6.4457,5.57348,6.4703,7.42607,0.0166748217468,-0.0144502492622,0.041075438261,63.2167129517,0.000445086206897,func,0.0118689771983,232,64,64,30,5.97834593536,2.0,3.125,3.125,5.0,30.3362140656,577.673522949,8.05603408813,379.973068237,133.101722717,712.244628906,51.7085189819,99.500831604
sub-08,0,task-probabilisticclassification_run-01,13.5185906125,1.09232895397,1.01572748279,0.501806940876,102.559432983,0.0855977871636,0,0.0,6.39593,5.49702,6.38003,7.46038,0.0301174322764,-0.0127590978518,0.0392635390162,65.5069122314,0.00173622222222,func,0.00914950294444,180,64,64,30,5.91518970323,2.0,3.125,3.125,5.0,29.3178768158,579.306335449,8.01111125946,375.727783203,129.285006714,716.75138855,50.6853675842,101.058937073
sub-08,0,task-probabilisticclassification_run-02,13.9965599901,1.09723783358,1.00037136777,0.50189971207,100.326530457,0.0868549925514,0,0.0,6.35129,5.46486,6.32072,7.4172,0.0186185426182,-0.012771868147,0.0398990288377,68.4861755371,0.000592333333333,func,0.00848828472222,180,64,64,30,5.91436909782,2.0,3.125,3.125,5.0,29.6355800629,580.542480469,8.02777767181,379.531401062,129.84305954,717.478060913,51.5167388916,101.009338379
sub-09,0,task-deterministicclassification_run-01,18.1909221352,1.23080668223,1.00660520966,0.537365884327,67.2543106079,0.0731684718888,0,0.0,6.31337,5.48244,6.29942,7.28634,0.0131194406086,-0.0085142981261,0.0491270460188,65.0369262695,0.000586222222222,func,0.00797574244444,180,64,64,30,5.86214623059,2.0,3.125,3.125,5.0,40.0035324097,617.46875,9.29444503784,419.67612915,174.447779846,775.893359375,66.0654907227,107.94618988
sub-09,0,task-deterministicclassification_run-02,18.2802154765,1.21855196324,1.00180341101,0.537640097199,65.8813781738,0.0877654252106,0,0.0,6.33484,5.47734,6.32922,7.3331,0.0216760171784,-0.00867445487529,0.0491803959012,63.3910446167,0.000563388888889,func,0.00870604,180,64,64,30,5.89341034413,2.0,3.125,3.125,5.0,40.3547210693,617.923950195,9.30000019073,421.284460449,175.739447021,775.141137695,66.8179702759,107.45904541
sub-09,0,task-mixedeventrelatedprobe_run-01,17.4591927135,1.17969736688,0.976773538052,0.537891904728,65.575302124,0.0906530421463,0,0.0,6.45953,5.63744,6.42901,7.43663,0.0130547541997,-0.00887942314148,0.0498230271041,59.5749053955,0.00055875,func,0.0118000389655,232,64,64,30,5.88946959458,2.0,3.125,3.125,5.0,39.7129516602,612.52722168,9.21982765198,417.156021118,174.968106079,766.362481689,65.997428894,106.466018677
sub-09,0,task-mixedeventrelatedprobe_run-02,18.7873366924,1.24557505879,1.00111844346,0.537123585697,65.9740142822,0.0926201027394,0,0.0,6.32453,5.54109,6.30639,7.23952,0.0204515169407,-0.0096423337236,0.0502921901643,63.5823516846,0.000541594827586,func,0.0088838625,232,64,64,30,5.82433833806,2.0,3.125,3.125,5.0,39.9387931824,615.515441895,9.27586174011,418.010787964,174.334487915,771.362075806,66.4585037231,108.392677307
sub-09,0,task-probabilisticclassification_run-01,16.7840058204,1.16113560698,0.993890118324,0.538048623268,67.4436035156,0.0775242691218,0,0.0,6.39167,5.50545,6.38118,7.43274,0.0145790312025,-0.00833891239017,0.0487980619073,61.3801078796,0.000489277777778,func,0.00946312866667,180,64,64,30,5.8716633979,2.0,3.125,3.125,5.0,39.9431190491,614.785705566,9.28333377838,418.411688232,174.432223511,771.6775177,65.5735244751,107.127464294
sub-09,0,task-probabilisticclassification_run-02,17.6429402282,1.20314621749,0.996237893855,0.537920312564,67.3921279907,0.0811643059137,0,0.0,6.35519,5.5622,6.32006,7.30162,0.0116794347763,-0.00830954685807,0.0490293614566,63.0713005066,0.000456611111111,func,0.00864828222222,180,64,64,30,5.90412791132,2.0,3.125,3.125,5.0,39.6856575012,615.771179199,9.23333358765,421.096673584,173.408617401,773.041125488,65.4765548706,106.890426636
sub-10,0,task-deterministicclassification_run-01,14.8746552866,1.05829469542,0.953362755475,0.476280747508,108.442512512,0.0681992236425,0,0.0,7.01944,6.14046,6.886,8.17973,0.0131335735321,-0.00229890737683,0.0263841226697,62.7466964722,0.000623444444444,func,0.0102211320556,180,64,64,30,5.56316755704,2.0,3.125,3.125,5.0,36.0223655701,735.240722656,8.72777843475,464.005563354,158.649176025,919.316137695,62.2922477722,136.813644409
sub-10,0,task-deterministicclassification_run-02,16.3747449218,1.1391504767,0.994543227039,0.475284452625,107.760887146,0.0693061899161,0,0.0,6.80348,5.91363,6.70544,7.94166,0.0115602016449,-0.00237176869996,0.0265365671366,73.8886566162,0.0005145,func,0.00659772733333,180,64,64,30,5.54078615494,2.0,3.125,3.125,5.0,36.205368042,737.751098633,8.75,467.284742737,158.831109619,924.362533569,62.9674682617,137.592315674
sub-10,0,task-mixedeventrelatedprobe_run-01,17.2671531576,1.17109195416,1.0001693645,0.47615163449,109.925849915,0.071754963381,0,0.0,6.72165,5.8667,6.53746,7.91816,0.00813751744813,-0.00201826076955,0.0255670975894,75.1616592407,0.000549913793103,func,0.00625850293103,232,64,64,30,5.54019281684,2.0,3.125,3.125,5.0,36.0050354004,735.727539062,8.76293087006,461.579945374,157.526725769,921.171774292,61.9973487854,137.611068726
sub-10,0,task-mixedeventrelatedprobe_run-02,17.1945088538,1.15988995446,0.997561451299,0.476333700188,108.425537109,0.0695317754935,0,0.0,6.64505,5.80568,6.4557,7.82885,0.0138443071267,-0.00211835443042,0.0255199652165,75.1326141357,0.000452370689655,func,0.00620882439655,232,64,64,30,5.53022261168,2.0,3.125,3.125,5.0,36.5120544434,736.444763184,8.79741382599,464.230175781,159.969827271,922.056884766,62.7126541138,137.531768799
sub-10,0,task-probabilisticclassification_run-01,16.3442130644,1.14869910453,1.00633934207,0.475423668848,108.000343323,0.0678128866928,0,0.0,6.77006,5.92407,6.63089,7.89924,0.0108335230086,-0.00186048145406,0.0257069747895,76.3780822754,0.000755722222222,func,0.005946576,180,64,64,30,5.52426935819,2.0,3.125,3.125,5.0,36.3535423279,736.261352539,8.76666641235,466.060015869,158.800836182,923.161688232,62.8737716675,137.604400635
sub-10,0,task-probabilisticclassification_run-02,17.3150889544,1.16694904101,0.999839416257,0.475597681698,109.181816101,0.0676134756352,0,0.0,6.7255,5.89833,6.56201,7.85973,0.00758417712318,-0.00168353004847,0.0258258860558,75.5938491821,0.000513277777778,func,0.00603001361111,180,64,64,30,5.52423867254,2.0,3.125,3.125,5.0,36.1327896118,735.707946777,8.75,463.50111084,157.391674042,921.658911133,62.4021682739,137.772491455
sub-11,0,task-deterministicclassification_run-01,16.6438965825,1.16201097899,0.999147569553,0.51550730298,83.0614852905,0.0868556251006,0,0.0,6.94244,5.93491,7.01893,8.03251,0.017726943228,0.00217293901369,0.0426783263683,62.6802825928,0.000987055555556,func,0.00686582438889,180,64,64,30,5.19159676634,2.0,3.125,3.125,5.0,37.5840950012,629.45501709,8.72222232819,391.906401062,157.283340454,807.816711426,60.2493209839,124.552879333
sub-11,0,task-deterministicclassification_run-02,15.5483387301,1.13033630642,1.01204231078,0.515455241759,82.4477005005,0.0725299329511,0,0.0,6.78606,5.81871,6.82685,7.86695,0.0180969834328,0.00229848176241,0.0442345961928,67.1276855469,0.000976888888889,func,0.00571877194444,180,64,64,30,5.17801389038,2.0,3.125,3.125,5.0,37.73960495,630.844909668,8.73888874054,394.466674805,158.316665649,809.941680908,60.7685012817,125.24559021
sub-11,0,task-mixedeventrelatedprobe_run-01,15.2190604933,1.09942596416,0.987476640043,0.518205690766,79.9945297241,0.0761302228693,0,0.0,6.82925,5.82588,6.86933,7.95872,0.0193642275087,0.00219557760283,0.0440173707902,61.892906189,0.000617672413793,func,0.00709958112069,232,64,64,30,5.22569216242,2.0,3.125,3.125,5.0,38.3507919312,628.905029297,8.75862026215,393.496768188,160.875862122,804.987710571,61.3239135742,123.919677734
sub-11,0,task-mixedeventrelatedprobe_run-02,14.9291451317,1.07568859121,0.974274004113,0.519884546297,79.3872680664,0.0777623789403,0,0.0,6.88788,5.85644,6.93735,8.04319,0.0130734238131,0.0019689174369,0.045208003372,59.0523071289,0.000864655172414,func,0.00842810090517,232,64,64,30,5.23132181174,2.0,3.125,3.125,5.0,38.4706344604,627.707763672,8.73706912994,392.791596985,161.321548462,803.54418335,61.1735420227,123.224693298
sub-11,0,task-probabilisticclassification_run-01,14.9649169964,1.10440169503,1.00441204771,0.516144280345,81.2432403564,0.061202901865,0,0.0,6.73477,5.77435,6.7745,7.80888,0.0121705002255,0.00212094769813,0.0444560796022,67.346572876,0.000765555555556,func,0.00576866333333,180,64,64,30,5.18681810057,2.0,3.125,3.125,5.0,38.0843429565,632.293151855,8.75,395.770272827,159.994445801,811.023608398,61.3815231323,125.236450195
sub-11,0,task-probabilisticclassification_run-02,15.1360656747,1.10467207263,1.00493564352,0.516799681202,79.7141342163,0.0697897093184,0,0.0,6.66396,5.70719,6.67649,7.76653,0.0110817432404,0.00201216572896,0.0448732897639,67.0652542114,0.0007935,func,0.005817873,180,64,64,30,5.21941687795,2.0,3.125,3.125,5.0,38.3502578735,633.030212402,8.74444484711,397.447235107,161.532507324,811.35920105,62.0441513062,124.602012634
sub-12,0,task-deterministicclassification_run-01,17.7863943538,1.22944058883,0.99454722,0.495021479766,81.1757888794,0.0930175235397,0,0.0,6.56288,5.90456,6.33706,7.55453,0.016168279118,-0.0070960894227,0.0174651388079,57.815776825,0.000784,func,0.0106259226667,180,64,64,30,5.52810685346,2.0,3.125,3.125,5.0,32.4013633728,569.594970703,8.87222290039,377.211108398,145.181668091,730.330041504,56.1723098755,105.082603455
sub-12,0,task-deterministicclassification_run-02,19.3200018049,1.2706868286,1.00517645894,0.493762352975,80.0922393799,0.103214980266,0,0.0,6.42318,5.78129,6.20281,7.38988,0.0121749480565,-0.0069571826607,0.0171516090631,61.2359542847,0.000594666666667,func,0.008305831,180,64,64,30,5.47293165866,2.0,3.125,3.125,5.0,32.3548851013,570.165222168,8.85555553436,378.1277771,143.698886108,732.466674805,56.895149231,106.260429382
sub-12,0,task-mixedeventrelatedprobe_run-01,18.5587316404,1.27159848593,0.999500263117,0.494542082685,81.007019043,0.110056525552,0,0.0,6.48497,5.91338,6.22043,7.41425,0.00700380781601,-0.00639733159915,0.0179189946502,60.2004623413,0.000671594827586,func,0.00892157926724,232,64,64,30,5.44560055753,2.0,3.125,3.125,5.0,32.204624176,570.737243652,8.83620643616,377.33190918,141.734912109,734.117889404,56.2493782043,106.706268311
sub-12,0,task-mixedeventrelatedprobe_run-02,18.7346918964,1.27487487048,1.00563696481,0.494422716289,80.1545257568,0.101321728524,0,0.0,6.39594,5.83192,6.10398,7.35001,0.00989935521422,-0.0064656259492,0.0179457496852,62.0516738892,0.000501724137931,func,0.00769787681034,232,64,64,30,5.42545315251,2.0,3.125,3.125,5.0,32.5588340759,570.354736328,8.86637973785,377.059472656,142.41594696,734.504309082,56.7971992493,107.274909973
sub-12,0,task-probabilisticclassification_run-01,19.5336231361,1.29224178022,1.00503393525,0.493423717313,80.2675170898,0.0930175862464,0,0.0,6.36169,5.74498,6.13983,7.29915,0.0103138208389,-0.00703577278182,0.0174751076847,62.4136123657,0.000524555555556,func,0.00791107772222,180,64,64,30,5.46532324552,2.0,3.125,3.125,5.0,32.2927017212,570.382873535,8.8444442749,379.850006104,142.958898926,733.350036621,56.8815345764,106.399902344
sub-12,0,task-probabilisticclassification_run-02,18.8238581545,1.27684100994,1.00717212693,0.493823239644,80.4471588135,0.0997092173819,0,0.0,6.35757,5.74606,6.12648,7.29949,0.0101254185041,-0.0069149849005,0.017422311008,62.3878135681,0.000580888888889,func,0.00779329477778,180,64,64,30,5.46479901723,2.0,3.125,3.125,5.0,32.330329895,569.68145752,8.8444442749,379.906134033,142.662228394,732.215008545,56.6863441467,106.37827301
sub-13,0,task-deterministicclassification_run-01,15.5115764926,1.11922923693,1.00261072151,0.525121750658,75.3730010986,0.0934846075642,0,0.0,6.39199,5.53398,6.19479,7.61804,0.0273069037331,-0.00311567564495,0.0288979262114,64.6478424072,0.000812777777778,func,0.00963548677778,180,64,64,30,6.05465426348,2.0,3.125,3.125,5.0,38.7774620056,637.511352539,8.82777786255,424.30446167,178.43638916,788.791973877,64.2792663574,108.171012878
sub-13,0,task-deterministicclassification_run-02,16.0628670792,1.12441827112,1.00593440642,0.524672217463,75.326133728,0.0981248972793,0,0.0,6.28741,5.46668,6.07968,7.47844,0.0370597362518,-0.00365461409092,0.0289436168969,64.1093902588,0.000842333333333,func,0.00973474822222,180,64,64,30,6.02403461746,2.0,3.125,3.125,5.0,38.7285118103,637.650939941,8.81666660309,425.956121826,178.254998779,789.761941528,64.3099975586,108.476020813
sub-13,0,task-mixedeventrelatedprobe_run-01,15.9681777993,1.13774976468,1.00039943602,0.524901203634,74.9805831909,0.0786411448095,0,0.0,6.3661,5.50512,6.20676,7.55074,0.020447032205,-0.00222931709141,0.0273893810809,64.0148162842,0.00105340517241,func,0.010797806681,232,64,64,30,5.99743737215,2.0,3.125,3.125,5.0,38.8994102478,637.066467285,8.84482765198,420.400871277,179.677589417,789.597000122,64.3780670166,109.379707336
sub-13,0,task-mixedeventrelatedprobe_run-02,16.2042170319,1.13409033792,1.00297610429,0.52532672686,74.0793380737,0.0989877635758,0,0.0,6.31596,5.46407,6.12967,7.52256,0.0532056052109,-0.00301106949337,0.0283598955721,60.1779937744,0.00117806034483,func,0.0113109042672,232,64,64,30,6.06163627125,2.0,3.125,3.125,5.0,39.0680656433,635.421936035,8.83189678192,422.534054565,179.379734039,787.28921814,64.6096878052,108.016342163
sub-13,0,task-probabilisticclassification_run-01,15.6286910499,1.11667745525,1.00014522458,0.523587786974,76.1956634521,0.0633402571229,0,0.0,6.27285,5.44316,5.9929,7.5667,0.0090241405699,-0.00267827650532,0.0286199841648,66.4045257568,0.000568111111111,func,0.00866115477778,180,64,64,30,6.01445443484,2.0,3.125,3.125,5.0,38.6830062866,643.22857666,8.88888931274,427.478894043,176.714447021,797.116143799,64.864616394,109.738731384
sub-13,0,task-probabilisticclassification_run-02,15.5887845319,1.11532526804,1.00411276313,0.523929453597,76.1378555298,0.0741558935475,0,0.0,6.22773,5.41056,5.96542,7.48352,0.0433571153217,-0.00289348000661,0.0287166740745,66.4389190674,0.000679222222222,func,0.00836936355556,180,64,64,30,6.00083305934,2.0,3.125,3.125,5.0,38.6018714905,640.336975098,8.85555553436,425.223072815,177.196111298,793.146691895,64.558883667,109.379341125
sub-14,0,task-deterministicclassification_run-01,15.7049617498,1.09636971832,1.00618201838,0.539637916858,55.2792816162,0.105946497961,0,0.0,6.66914,5.72409,6.81729,7.60138,0.0119409985012,-0.00154593854677,0.0578247383237,59.6391677856,0.00101961111111,func,0.00831943588889,180,64,64,30,5.34389508731,2.0,3.125,3.125,5.0,45.1165657043,595.637084961,9.45555591583,375.408334351,195.710842896,755.009442139,68.2380218506,114.664520264
sub-14,0,task-deterministicclassification_run-02,15.9553159097,1.09179332089,1.00957488067,0.53837471907,55.6947441101,0.120001243017,0,0.0,6.56847,5.6316,6.70971,7.49991,0.0100021276209,-0.000206181546673,0.058756288141,61.5554428101,0.000847888888889,func,0.007684124,180,64,64,30,5.36574470729,2.0,3.125,3.125,5.0,45.6122894287,601.654907227,9.52222251892,383.096395874,198.237780762,763.25194397,69.0152130127,115.324180603
sub-14,0,task-mixedeventrelatedprobe_run-01,15.5651886206,1.07486443094,1.00178130622,0.539188443093,55.5321273804,0.119342174844,0,0.0,6.62651,5.72615,6.72078,7.56087,0.0133438466961,0.000531340541784,0.0595881231129,61.1476173401,0.000670982905983,func,0.0080881557265,234,64,64,30,5.38028476213,2.0,3.125,3.125,5.0,45.304523468,600.907165527,9.50427436829,382.976091003,197.951293945,761.315643311,68.6917114258,115.08291626
sub-14,0,task-mixedeventrelatedprobe_run-02,16.7169444569,1.09221104017,0.996140206094,0.539554713993,55.437713623,0.149374393876,0,0.0,6.64274,5.6564,6.79541,7.62579,0.0115254516276,0.000527286785655,0.060158662498,57.9276428223,0.00085141025641,func,0.0093940215812,234,64,64,30,5.366339623,2.0,3.125,3.125,5.0,45.8148918152,601.605773926,9.5555562973,381.989326477,197.471801758,762.139984131,68.9275512695,115.454040527
sub-14,0,task-probabilisticclassification_run-01,17.4684779261,1.14507188547,1.00386906492,0.538933961186,55.1631355286,0.102928105789,0,0.0,6.6499,5.71721,6.74863,7.62158,0.00821046696769,-0.00192279648036,0.0573291741312,59.7245941162,0.000848444444444,func,0.00921444405556,180,64,64,30,5.3893785166,2.0,3.125,3.125,5.0,46.4851799011,609.713867188,9.62777805328,389.760830688,200.341674805,770.990835571,70.1952285767,116.321624756
sub-14,0,task-probabilisticclassification_run-02,15.3015207046,1.08584037737,1.00575812492,0.539162650205,55.5882606506,0.0963716391402,0,0.0,6.66572,5.75829,6.74717,7.62299,0.0101590447956,-0.0013235231163,0.0573894381523,61.9155158997,0.000888777777778,func,0.00774655138889,180,64,64,30,5.36830966032,2.0,3.125,3.125,5.0,45.2831687927,602.662658691,9.47222232819,381.527778625,196.992224121,761.79725647,68.8692855835,115.496353149
sub-15,0,task-deterministicclassification_run-01,17.2231451763,1.1351801043,1.00465019838,0.512557404819,83.4564056396,0.128413817095,0,0.0,6.28086,5.52025,6.24517,7.18712,0.0244922955831,-0.0196118149906,0.0449424795806,68.575668335,0.000988166666667,func,0.00931789938889,180,64,64,30,5.84718901021,2.0,3.125,3.125,5.0,38.3576965332,694.918579102,8.72222232819,462.910295105,168.349450684,868.99694519,67.9441757202,121.909317017
sub-15,0,task-deterministicclassification_run-02,18.3563719384,1.17377501721,1.02237591117,0.512734745783,81.6599655151,0.149898815268,0,0.0,6.31686,5.53264,6.26981,7.26635,0.0532891273499,-0.0193923786283,0.0462967939675,64.7821350098,0.00192477777778,func,0.0102003769444,180,64,64,30,5.86642654642,2.0,3.125,3.125,5.0,38.5014076233,695.470825195,8.69999980927,465.265287781,170.805557251,868.472229004,68.7434616089,121.769767761
sub-15,0,task-mixedeventrelatedprobe_run-01,18.085543428,1.12426331021,0.976686558927,0.513618538506,82.1498718262,0.142117486215,0,0.0,6.47156,5.60312,6.39823,7.56027,0.140553156535,-0.0194336678833,0.0468424372375,54.1282577515,0.00105200854701,func,0.013516797906,234,64,64,30,5.91986455755,2.0,3.125,3.125,5.0,38.6292572021,692.631713867,8.75213718414,464.868408203,170.894882202,862.998352051,68.0746841431,120.051582336
sub-15,0,task-mixedeventrelatedprobe_run-02,17.9614214015,1.14003701742,0.995744407468,0.513176790721,83.598236084,0.153839129023,0,0.0,6.44217,5.58784,6.38646,7.49191,0.0362014077667,-0.0192451477051,0.0465435385704,63.3448486328,0.000865256410256,func,0.0110664733761,234,64,64,30,5.884096673,2.0,3.125,3.125,5.0,38.6348686218,696.573547363,8.76068401337,468.202581787,171.022445679,869.065856934,67.7475891113,121.254959106
sub-15,0,task-probabilisticclassification_run-01,17.18374556,1.13590176229,0.994181103743,0.512152444587,85.4396820068,0.129687272961,0,0.0,6.3183,5.51195,6.27293,7.29499,0.0178924587038,-0.0196149088442,0.0453006178141,68.3758239746,0.000641222222222,func,0.00897636622222,180,64,64,30,5.86722798288,2.0,3.125,3.125,5.0,37.8170547485,691.095458984,8.6555557251,462.863905334,168.200563049,862.039468384,66.687789917,120.521759033
sub-15,0,task-probabilisticclassification_run-02,17.4537597155,1.14455600229,1.01033994196,0.512447695898,84.9096221924,0.125516004582,0,0.0,6.31592,5.54481,6.2681,7.24916,0.0253316005071,-0.0196371227503,0.0448774471879,66.0310287476,0.00143594444444,func,0.00955040494444,180,64,64,30,5.8318944263,2.0,3.125,3.125,5.0,37.8230895996,693.826477051,8.67777824402,462.421113586,166.666671753,867.087261963,67.0557022095,121.950180054
sub-16,0,task-deterministicclassification_run-01,14.354410161,1.06344920654,0.991157470726,0.500778494029,84.849319458,0.0715996954525,0,0.0,7.31464,6.24864,7.31368,8.56363,0.0241025712755,0.00164932617918,0.0226463731378,68.622253418,0.000449722222222,func,0.00524120172222,180,64,64,30,5.25613173404,2.0,3.125,3.125,5.0,39.9368247986,668.311950684,9.07777786255,412.996389771,166.771676636,852.825875854,63.0972709656,131.258499146
sub-16,0,task-deterministicclassification_run-02,14.7223706589,1.07246492944,0.992569422514,0.502362320002,83.4779815674,0.0787023388489,0,0.0,7.23643,6.16482,7.2528,8.47514,0.0153341478772,0.00098488421645,0.0234154891223,67.0369873047,0.000481388888889,func,0.00565418011111,180,64,64,30,5.26463481615,2.0,3.125,3.125,5.0,40.2938575745,667.44519043,9.08333396912,414.62722168,168.511114502,852.039160156,63.469078064,130.692626953
sub-16,0,task-mixedeventrelatedprobe_run-01,13.3294817392,0.989385702189,0.95459239867,0.504793329436,82.2099533081,0.0643729667742,0,0.0,7.38711,6.30041,7.34512,8.71076,0.0163373682234,0.00203881133348,0.0238877814263,58.9838638306,0.000660128205128,func,0.00874639076923,234,64,64,30,5.30543223936,2.0,3.125,3.125,5.0,41.0000801086,670.159729004,9.1367521286,416.837615967,171.30556488,852.055603027,63.8164253235,130.520401001
sub-16,0,task-mixedeventrelatedprobe_run-02,11.9905248855,1.01295180747,1.03636311562,0.506684471136,81.9642181396,0.107076976725,1,0.42735042735,8.17656,6.96296,8.01423,9.79618,0.0291982552944,0.00320756039582,0.0246919672936,49.9140968323,0.00808495726496,func,0.0140833847009,234,64,64,30,5.38923853956,2.0,3.125,3.125,5.0,41.3863487244,672.644226074,9.17521381378,417.714752197,174.08013916,848.8878479,63.5350189209,128.939865112
sub-16,0,task-probabilisticclassification_run-01,13.7373076284,1.02059287665,0.966272850112,0.502426802223,84.2443847656,0.068473323295,0,0.0,7.37597,6.27024,7.40178,8.64644,0.0138285107083,0.00185778539162,0.0230220947415,63.6662445068,0.000556833333333,func,0.00711495438889,180,64,64,30,5.27345000996,2.0,3.125,3.125,5.0,40.556312561,673.51763916,9.12222290039,418.5,169.27639389,857.137527466,63.5398178101,131.53414917
sub-16,0,task-probabilisticclassification_run-02,14.157179662,1.06343320553,0.996898750391,0.503209087449,82.3190307617,0.0665724580229,0,0.0,7.20022,6.12611,7.17295,8.49482,0.013535144594,0.00155820755754,0.0245643723756,68.971282959,0.000503388888889,func,0.0055592945,180,64,64,30,5.26495863578,2.0,3.125,3.125,5.0,40.8265380859,672.031738281,9.11111164093,417.215293884,170.704167938,856.187515259,64.3839187622,131.802032471
sub-17,0,task-deterministicclassification_run-01,16.6150218123,1.08237880061,0.994346861173,0.494855192897,89.2337646484,0.193762969004,0,0.0,6.46668,5.51091,6.59117,7.4449,0.0187434116999,-0.0077418172732,0.0273775849491,61.1636199951,0.000814777777778,func,0.00825338905556,180,64,64,30,5.35957712782,2.0,3.125,3.125,5.0,33.5028190613,595.470214844,7.97222232819,386.862780762,152.888885498,757.212509155,55.4763717651,113.759094238
sub-17,0,task-deterministicclassification_run-02,15.9959259136,1.09426105609,1.00072063335,0.495465545345,88.8537979126,0.181328920726,0,0.0,6.47684,5.56952,6.56408,7.43187,0.00896704594294,-0.00762679567561,0.0270871054381,63.9267997742,0.000690388888889,func,0.00760311433333,180,64,64,30,5.37540810395,2.0,3.125,3.125,5.0,33.4206390381,594.489257812,7.92777776718,386.732226562,152.210009766,754.707788086,55.3662757874,113.134796143
sub-17,0,task-mixedeventrelatedprobe_run-01,15.3608888945,1.06173144047,0.975348585579,0.497085178265,88.8584518433,0.191657855378,0,0.0,6.62708,5.7011,6.70255,7.6167,0.0204825156774,-0.00764430873096,0.026929423213,56.6982269287,0.000531709401709,func,0.0107847861538,234,64,64,30,5.36732084706,2.0,3.125,3.125,5.0,33.0508651733,590.628417969,7.88888931274,379.286346436,151.176934052,747.354736328,54.5788116455,112.858726501
sub-17,0,task-mixedeventrelatedprobe_run-02,15.4556843304,1.08877135841,0.996709665365,0.496673442943,86.0880203247,0.167644068308,0,0.0,6.42132,5.52402,6.54815,7.31979,0.0594600775303,-0.00865144282579,0.0277509912848,62.9519920349,0.000543162393162,func,0.00713016649573,234,64,64,30,5.27958027183,2.0,3.125,3.125,5.0,33.8177032471,591.905700684,7.99145317078,380.889764404,155.341888428,751.678662109,56.0756378174,114.490066528
sub-17,0,task-probabilisticclassification_run-01,16.3704268549,1.06682155469,0.973731195475,0.495262530353,89.1009597778,0.205452353659,0,0.0,6.55985,5.67625,6.72726,7.39235,0.0250961038801,-0.00737721798941,0.0259839519858,57.8400840759,0.000711222222222,func,0.0097037765,180,64,64,30,5.3790529133,2.0,3.125,3.125,5.0,33.9691696167,605.434875488,8.04444503784,389.174459839,156.077781677,766.273049927,56.1820373535,115.287193298
sub-17,0,task-probabilisticclassification_run-02,15.625940605,1.05028496134,0.968813422011,0.495360590873,88.5195846558,0.188510984485,0,0.0,6.62435,5.63004,6.79241,7.60141,0.0233999305301,-0.00820800568908,0.0268353223801,56.8275184631,0.000618333333333,func,0.0107590937222,180,64,64,30,5.43578185189,2.0,3.125,3.125,5.0,33.7471656799,598.123046875,7.98333358765,388.215008545,153.868058014,757.556436157,55.8130989075,113.026542664
